{
  "regression": {
    "MAE": 0.9452267831770773,
    "RMSE": 1.2677362540186714,
    "R2": 0.36493084848604374,
    "within_1_point_pct": 65.21739130434783
  },
  "classification": {
    "ROC_AUC": 0.7248593899507573,
    "Precision": 0.6521739130434783,
    "Recall": 0.7246376811594203,
    "F1": 0.6864988558352403,
    "Brier": 0.21653526191293682,
    "base_rate_like": 0.5
  }
}